{
  "project_info": {
    "project_number": "71284420479",
    "project_id": "foxlabz",
    "storage_bucket": "foxlabz.appspot.com"
  },
  "client": [
    {
      "client_info": {
        "mobilesdk_app_id": "1:71284420479:android:91d3926d0a6c6f04d7744a",
        "android_client_info": {
          "package_name": "com.demo.fleetstudioble"
        }
      },
      "oauth_client": [
        {
          "client_id": "71284420479-m67ao3p6prqnmp4sq4k6o1ph67tmncis.apps.googleusercontent.com",
          "client_type": 3
        }
      ],
      "api_key": [
        {
          "current_key": "AIzaSyDgoyLWNJ28WPSm_NCKuydMTqR9K_SbG7Y"
        }
      ],
      "services": {
        "appinvite_service": {
          "other_platform_oauth_client": [
            {
              "client_id": "71284420479-m67ao3p6prqnmp4sq4k6o1ph67tmncis.apps.googleusercontent.com",
              "client_type": 3
            }
          ]
        }
      }
    }
  ],
  "configuration_version": "1"
}